,Columna,Feature_importance
0,Hours_watched,0.8332716298106524
1,Hours_Streamed,0.07792067586745581
2,Peak_viewers,0.053838414423369396
3,Peak_channels,0.03496927989852243
