,Modelo,Score Recall
0,Logistic Regresion,0.9768957345971564
1,Vector soporte,0.9768957345971564
2,Voting hard,0.8566350710900474
3,Random Forest,0.8501184834123223
4,Bagging DT,0.8430094786729858
5,Voting soft,0.8246445497630331
6,GradientBoosting,0.8222748815165877
7,Arbol de decision,0.794431279620853
8,XGBoost,0.7938388625592417
9,Ada Boost,0.7713270142180095
