,Modelo,Score Accuracy
0,GradientBoosting,0.7336805555555556
1,Voting soft,0.7291666666666666
2,Bagging DT,0.728125
3,Voting hard,0.7274305555555556
4,Logistic Regresion,0.7253472222222223
5,XGBoost,0.7253472222222223
6,Vector soporte,0.7211805555555556
7,Random Forest,0.7142361111111111
8,Ada Boost,0.7090277777777778
9,Arbol de decision,0.7006944444444444
