,Modelo,Score Precision
0,XGBoost,0.7515423443634324
1,GradientBoosting,0.7482479784366577
2,Ada Boost,0.74230330672748
3,Voting soft,0.7420042643923241
4,Bagging DT,0.7331272539927872
5,Voting hard,0.726998491704374
6,Arbol de decision,0.7225215517241379
7,Random Forest,0.71571072319202
8,Logistic Regresion,0.6134672619047619
9,Vector soporte,0.6134672619047619
